USE AIRWAY_BOOKING;
/*
DELETE FROM AIRPORT;
DELETE FROM TERMINAL;
DELETE FROM GATE;
DELETE FROM AIRPORT;
DELETE FROM AIRLINE;
DELETE FROM AIRCRAFT;
DELETE FROM ROUTE;
DELETE FROM ROUTE_GROUP;
DELETE FROM ROUTE_GROUP_DETAIL;
DELETE FROM FLIGHT;
DELETE FROM PASSENGER_INFO;
DELETE FROM PASSENGER;
DELETE FROM PAYMENT_ACCOUNT;
DELETE FROM BOOKING;
*/
INSERT INTO AIRPORT(airport_id,name,country,city)
VALUES ('SGN','TAN SON NHAT INTERNATIONAL AIRPORT','VIETNAM','HO CHI MINH CITY'),
		('YYZ','LESTER B.PEARSON INTERNATIONAL AIRPORT','CANADA','TORONTO'),
		('DEL','INDIRA GANDHI INTERNATIONAL AIRPORT','INDIA','DELHI NCR'),
		('AMD','SARDAR VALLABHBHAI PATEL INTERNATIONAL AIRPORT','INDIA','AHMEDABAD'),
		('SFO','SAN FRANCISCO INTERNATIONAL AIRPORT','AMERICA','SAN FRANCISCO'),
		('JFK','JOHN F. KENNEDY INTERNATIONAL AIRPORT','AMERICA','NEW YORK'),
		('HAN','NOI BAI INTERNATIONAL AIRPORT','VIETNAM','HA NOI'),
		('YVR','VANCOUVER INTERNATIONAL AIRPORT','CANADA','VANCOUVER'),
		('TPE','TAIWAN TAOYUAN INTERNATIONAL AIRPORT','TAIWAN','TAOYUAN'),
		('HKG','HONG KONG INTERNATIONAL AIRPORT','HONG KONG','HONG KONG');

INSERT INTO TERMINAL(terminal_id,airport_id,terminal_name)
VALUES (1,'SGN','A'), (2,'SGN','B'), (3,'YYZ','1'), (4,'YYZ','2'), (5,'DEL','A'), (6,'DEL','B'),
		(7,'AMD','A'), (8,'AMD','B'), (9,'SFO','A'), (10,'SFO','B'), (11,'JFK','A'), (12,'JFK','B'),
		(13,'HAN','1'), (14,'HAN','2'), (15,'YVR','A'), (16,'YVR','B'), (17,'TPE','A'), (18,'TPE','B'),
		(19,'HKG','A'), (20,'HKG','B');


INSERT INTO GATE(gate_id, terminal_id,gate_name)
VALUES (1,1,'1'), (2,2,'5'),(3,3,'1'), (4,4,'5'),(5,5,'1'), (6,6,'5'),
(7,7,'1'), (8,8,'5'), (9,9,'1'), (10,10,'5'), (11,11,'1'), (12,12,'5'),
(13,13,'1'), (14,14,'5'), (15,15,'1'), (16,16,'5'), (17,17,'1'), (18,18,'5'),
(19,19,'1'), (20,20,'5');


INSERT INTO AIRLINE(airline_id,airline_name)
VALUES('RV','AIR CANADA ROUGE'),('CX','CATHAY PACIFIC'),('BR','EVA AIR'),('AC','AIR CANADA'),
('S2','AIR SAHARA'),('VN','VIETNAM AIRLINES'),('2P','AIR PHILIPPINES'),('AA','AMERICAN AIRLINES'),('NQ','AIR JAPAN'),
('SQ','SINGAPORE AIRLINES');


INSERT INTO AIRCRAFT(aircraft_id,airline_id,aircraft_name,number_bus_seat,number_eco_seat)
VALUES('RV001','RV','BOEING 333',350,70),('RV002','RV','BOEING 453',360,50),
		('CX001','CX','BOEING 333',350,70),('CX002','CX','AIRBUS 330',300,100),
		('BR001','BR','BOEING 777',450,70),('BR002','BR','BOEING 350',450,70),
		('AC001','AC','BOEING 747',400,70),('AC002','AC','BOEING 300',350,70),
		('S2001','S2','BOEING 555',350,70),('S2002','S2','BOEING 373',355,70),
		('VN001','VN','BOEING 777',350,70),('VN002','VN','BOEING 555',250,40),
		('2P001','2P','AIRBUS 380',300,50),('2P002','2P','AIRBUS 999',450,100),
		('AA001','AA','BOEING 747',400,70),('AA002','AA','BOEING 303',200,30),
		('NQ001','NQ','BOEING 800',500,70),('NQ002','NQ','AIRBUS 400',450,70),
		('SQ001','SQ','BOEING 333',350,70),('SQ002','SQ','BOEING 333',350,70);

INSERT INTO ROUTE(route_id,source_airport_id,destination_airport_id)
VALUES ('0001','SGN','DEL'),('0002','SGN','TPE'),('0003','SGN','HKG'),('0004','SGN','HAN'),
		('0005','DEL','SGN'),('0006','TPE','SGN'),('0007','HKG','SGN'),('0008','HAN','SGN'),
		('0009','JFK','YYZ'),('0010','DEL','HKG'),('0011','DEL','TPE'),('0012','SFO','YVR'),('0013','AMD','DEL'),
		('0014','YYZ','JFK'),('0015','HKG','DEL'),('0016','TPE','DEL'),('0017','YVR','SFO'),('0018','DEL','AMD'),
		('0019','SGN','HAN'),('0020','TPE','YYZ'), ('0021','HKG','YYZ'),('0022','TPE','YVR'),('0023','TPE','JFK'),
		('0024','HAN','SGN'),('0025','YYZ','TPE'), ('0026','YYZ','HKG'),('0027','YVR','TPE'),('0028','JFK','TPE');


INSERT INTO ROUTE_GROUP(route_group_id,source_airport_id,destination_airport_id)
VALUES ('0001','SGN','YYZ'),('0002','SGN','JFK'),('0003','SGN','YVR'),('0004','DEL','YYZ'),('0005','DEL','JFK'),
		('0006','YYZ','SGN'),('0007','JFK','SGN'),('0008','YVR','SGN'),('0009','YYZ','DEL'),('0010','JFK','DEL'),
		('0011','SGN','YYZ'),('0012','YYZ','SGN');

INSERT INTO ROUTE_GROUP_DETAIL(route_id,route_group_id)
VALUES ('0002','0001'),('0020','0001'),('0002','0002'),('0023','0002'),('0002','0003'),('0022','0003'),
		('0010','0004'),('0021','0004'),('0011','0005'),('0023','0005'),('0026','0006'),('0007','0006'),
		('0028','0007'),('0006','0007'),('0027','0008'),('0006','0008'),('0025','0009'),('0016','0009'),
		('0028','0010'),('0016','0010'),('0002','0011'),('0023','0011'),('0009','0011'),
		('0014','0012'),('0028','0012'),('0006','0012');


INSERT INTO FLIGHT(flight_id,aircraft_id,route_id,gate_id,depart_date,arrive_date,eco_class_price,bus_class_price,status)
VALUES
		('2019110001','S2001','0001',1,'2019-11-25 08:40:00','2019-11-25 12:30:00',500.5,750.99,'NONE'),
		('2019110002','BR002','0002',1,'2019-11-26 08:40:00','2019-11-26 12:40:00',500.5,750.99,'NONE'),
		('2019110003','CX001','0003',1,'2019-11-27 08:40:00','2019-11-27 11:30:00',500.5,750.99,'NONE'),
		('2019110004','VN001','0004',1,'2019-11-28 08:40:00','2019-11-28 12:30:00',500.5,750.99,'NONE'),
		('2019110005','S2002','0005',1,'2019-11-29 08:40:00','2019-11-29 12:30:00',500.5,750.99,'NONE'),
		('2019110006','BR001','0006',1,'2019-11-30 08:40:00','2019-11-30 12:30:00',500.5,750.99,'NONE'),
		('2019110007','CX002','0007',1,'2019-12-01 08:40:00','2019-12-01 12:30:00',500.5,750.99,'NONE'),
		('2019110008','VN002','0008',1,'2019-12-02 08:40:00','2019-12-02 12:30:00',500.5,750.99,'NONE'),
		('2019110009','AA001','0009',1,'2019-12-03 08:40:00','2019-12-03 12:30:00',500.5,750.99,'NONE'),
		('2019110010','CX001','0010',1,'2019-12-04 08:40:00','2019-12-04 12:30:00',500.5,750.99,'NONE'),
		('2019110011','BR001','0011',1,'2019-12-05 08:40:00','2019-12-05 12:30:00',500.5,750.99,'NONE'),
		('2019110012','AC001','0012',1,'2019-12-06 08:40:00','2019-12-06 12:30:00',500.5,750.99,'NONE'),
		('2019110013','S2001','0013',1,'2019-12-07 08:40:00','2019-12-07 12:30:00',500.5,750.99,'NONE'),
		('2019110014','AC002','0014',1,'2019-12-08 08:40:00','2019-12-08 12:30:00',500.5,750.99,'NONE'),
		('2019110015','CX002','0015',1,'2019-12-09 08:40:00','2019-12-09 12:30:00',500.5,750.99,'NONE'),
		('2019110016','BR002','0016',1,'2019-12-10 08:40:00','2019-12-10 12:30:00',500.5,750.99,'NONE'),
		('2019110017','RV001','0017',1,'2019-12-11 08:40:00','2019-12-11 12:30:00',500.5,750.99,'NONE'),
		('2019110018','S2002','0018',1,'2019-12-12 08:40:00','2019-12-12 12:30:00',500.5,750.99,'NONE'),
		('2019110019','VN002','0019',1,'2019-12-13 08:40:00','2019-12-13 12:30:00',500.5,750.99,'NONE'),
		('2019110020','BR001','0020',1,'2019-12-14 08:40:00','2019-12-14 12:30:00',500.5,750.99,'NONE'),
		('2019110021','CX001','0021',1,'2019-12-15 08:40:00','2019-12-15 12:30:00',500.5,750.99,'NONE'),
		('2019110022','NQ001','0022',1,'2019-12-16 08:40:00','2019-12-16 12:30:00',500.5,750.99,'NONE'),
		('2019110023','NQ002','0023',1,'2019-12-01 08:40:00','2019-12-01 12:30:00',500.5,750.99,'NONE'),
		('2019110024','VN001','0024',1,'2019-12-18 08:40:00','2019-12-18 12:30:00',500.5,750.99,'NONE'),
		('2019110025','RV002','0025',1,'2019-12-19 08:40:00','2019-12-19 12:30:00',500.5,750.99,'NONE'),
		('2019110026','2P001','0026',1,'2019-12-20 08:40:00','2019-12-20 12:30:00',500.5,750.99,'NONE'),
		('2019110027','2P002','0027',1,'2019-12-21 08:40:00','2019-12-21 12:30:00',500.5,750.99,'NONE'),
		('2019110028','BR001','0028',1,'2019-12-22 08:40:00','2019-12-22 12:30:00',500.5,750.99,'NONE'),
		('2019110029','2P001','0011',1,'2019-12-23 08:40:00','2019-12-23 12:30:00',500.5,750.99,'NONE');


INSERT INTO PASSENGER_INFO(passport_number,name,phone,date_of_birth,address,email)
VALUES ('CSD220601','THOMAS DANIEL','4335337777','1990-05-20','US','THOMAS@GMAIL.COM'),
		('CSD230601','JOHN DANIEL','5235337777','1990-05-20','CANADA','JOHN@GMAIL.COM'),
		('CSD320602','THORN BROWN','2235337777','1990-05-20','US','THORN@GMAIL.COM'),
		('CSD320891','THUY LINH NGUYEN','4335338777','1990-05-20','VIETNAM','THUYLINH@GMAIL.COM'),
		('CSD550601','SHAWN DANIEL','4995337777','1990-05-20','JAMAICA','SHAWN@GMAIL.COM'),
		('CSD320601','MOHAMED ABI','5335337777','1990-05-20','ARAB','ABI@GMAIL.COM'),
		('CSD260601','SANSAN KAUR','7335337777','1990-05-20','INDIA','SANSAN@GMAIL.COM'),
		('CSD560601','TIN TIN','8835337777','1990-05-20','US','TIN@GMAIL.COM'),
		('CSD228601','THOMSON RAIN','1335337777','1990-05-20','CANADA','THOMSON@GMAIL.COM'),
		('CSD323331','THUNDER RAIN','1335338887','1990-05-20','CANADA','THUNDER@GMAIL.COM');

INSERT INTO PASSENGER(passenger_id,passport_number)
VALUES('000001','CSD220601'),('000002','CSD230601'),('000003','CSD320602'),('000004','CSD320891'),
('000005','CSD550601'),('000006','CSD320601'),('000007','CSD260601'),('000008','CSD560601'),
('000009','CSD228601'),('000010','CSD323331');


INSERT INTO PAYMENT_ACCOUNT(card_id,name,password,expire_date)
VALUES('3333333333','THOMAS DANIEL',388,'2025-03-01'),
		('1111111111','JOHN DANIEL',308,'2025-03-01'),
		('2222222222','THORN BROWN',380,'2025-03-01'),
		('4444444444','THUY LINH NGUYEN',378,'2025-03-01'),
		('5555555555','SHAWN DANIEL',318,'2025-03-01'),
		('6666666666','MOHAMED ABI',328,'2025-03-01'),
		('7777777777','SANSAN KAUR',378,'2025-03-01'),
		('8888888888','TIN TIN',398,'2025-03-01'),
		('9999999999','THOMSON RAIN',408,'2025-03-01'),
		('1111122222','THUNDER RAIN',580,'2025-03-01');


INSERT INTO BOOKING(booking_id,card_id,status,issued_date)
VALUES('BOOKING00001','3333333333','SUCCEEDED','2019-11-01 08:34:15'),
		('BOOKING00002','1111111111','SUCCEEDED','2019-11-11 08:34:15'),
		('BOOKING00003','2222222222','SUCCEEDED','2019-11-01 08:34:15'),
		('BOOKING00004','4444444444','SUCCEEDED','2019-11-15 08:34:15'),
		('BOOKING00005','5555555555','SUCCEEDED','2019-11-05 08:34:15'),
		('BOOKING00006','6666666666','SUCCEEDED','2019-11-01 08:34:15'),
		('BOOKING00007','7777777777','SUCCEEDED','2019-11-20 08:34:15'),
		('BOOKING00008','8888888888','SUCCEEDED','2019-11-01 08:34:15'),
		('BOOKING00009','9999999999','SUCCEEDED','2019-11-01 08:34:15'),
		('BOOKING00010','1111122222','SUCCEEDED','2019-11-01 08:34:15');


INSERT INTO TICKET(ticket_id,booking_id,passenger_id,flight_id,class,seat_number,status,issued_date)
VALUES ('T00001','BOOKING00001','000001','2019110001','ECO','23E','ISSUED','2019-11-22 09:34:15'),
		('T00002','BOOKING00002','000002','2019110002','ECO','11E','ISSUED','2019-11-22 09:34:15'),
		('T00003','BOOKING00003','000003','2019110003','ECO','12E','ISSUED','2019-11-22 09:34:15'),
		('T00004','BOOKING00004','000004','2019110004','ECO','13E','ISSUED','2019-11-22 09:34:15'),
		('T00005','BOOKING00005','000005','2019110005','ECO','14E','ISSUED','2019-11-22 09:34:15'),
		('T00006','BOOKING00006','000006','2019110006','ECO','15E','ISSUED','2019-11-22 09:34:15'),
		('T00007','BOOKING00007','000007','2019110007','ECO','16E','ISSUED','2019-11-22 09:34:15'),
		('T00008','BOOKING00008','000008','2019110008','ECO','17E','ISSUED','2019-11-22 09:34:15'),
		('T00009','BOOKING00009','000009','2019110009','ECO','18E','ISSUED','2019-11-22 09:34:15'),
		('T00010','BOOKING00010','000010','2019110010','ECO','19E','ISSUED','2019-11-22 09:34:15'),
		('T00011','BOOKING00010','000008','2019110010','ECO','19D','ISSUED','2019-11-22 09:34:15');